id,name,model_id:id,group_id:id,perm_read,perm_write,perm_create,perm_unlink
access_manage_task,manage.task,model_manage_task,base.group_user,1,1,1,1
access_manage_sprint,manage.sprint,model_manage_sprint,base.group_user,1,1,1,1
access_manage_technology,manage.technology,model_manage_technology,base.group_user,1,1,1,1
access_manage_technology,manage.technology,model_manage_technology,base.group_user,1,1,1,1
access_manage_project,manage.project,model_manage_project,base.group_user,1,1,1,1
access_manage_history,manage.history,model_manage_history,base.group_user,1,1,1,1