{
  "project_info": {
    "project_number": "743763006703",
    "project_id": "movies-aff5f",
    "storage_bucket": "movies-aff5f.appspot.com"
  },
  "client": [
    {
      "client_info": {
        "mobilesdk_app_id": "1:743763006703:android:4a9acfbf5651b0f9a3b71a",
        "android_client_info": {
          "package_name": "com.dam.movies"
        }
      },
      "oauth_client": [],
      "api_key": [
        {
          "current_key": "AIzaSyDSGgIO1sbiQYMoCrZtz9qE1AMq_q9AdSA"
        }
      ],
      "services": {
        "appinvite_service": {
          "other_platform_oauth_client": []
        }
      }
    }
  ],
  "configuration_version": "1"
}