<?xml version="1.0" encoding="UTF-8"?>
<project-private xmlns="http://www.netbeans.org/ns/project-private/1">
    <editor-bookmarks xmlns="http://www.netbeans.org/ns/editor-bookmarks/2" lastBookmarkId="2">
        <file>
            <url>src/practica_06/curso/Alumno.java</url>
            <bookmark id="1">
                <name/>
                <line>0</line>
                <key/>
            </bookmark>
        </file>
        <file>
            <url>src/practica_06/gestor/gsAlumnos.java</url>
            <bookmark id="2">
                <name/>
                <line>24</line>
                <key/>
            </bookmark>
        </file>
    </editor-bookmarks>
    <open-files xmlns="http://www.netbeans.org/ns/projectui-open-files/2">
        <group>
            <file>file:/C:/Users/andre/Documents/2DAM/AD/Conectores/Practica_06/src/practica_06/gestor/gsModulo.java</file>
            <file>file:/C:/Users/andre/Documents/2DAM/AD/Conectores/Practica_06/src/practica_06/gestor/gestor.java</file>
            <file>file:/C:/Users/andre/Documents/2DAM/AD/Conectores/Practica_06/src/practica_06/gestor/gsAlumnos.java</file>
            <file>file:/C:/Users/andre/Documents/2DAM/AD/Conectores/Practica_06/src/practica_06/gestor/Conexion.java</file>
            <file>file:/C:/Users/andre/Documents/2DAM/AD/Conectores/Practica_06/src/practica_06/gestor/gsMatriculas.java</file>
            <file>file:/C:/Users/andre/Documents/2DAM/AD/Conectores/Practica_06/src/practica_06/Practica_06.java</file>
            <file>file:/C:/Users/andre/Documents/2DAM/AD/Conectores/Practica_06/src/practica_06/menus.java</file>
        </group>
    </open-files>
</project-private>
