{
  "project_info": {
    "project_number": "445756251308",
    "project_id": "peliculasapp-49431",
    "storage_bucket": "peliculasapp-49431.appspot.com"
  },
  "client": [
    {
      "client_info": {
        "mobilesdk_app_id": "1:445756251308:android:a76bb1295bd14c6b841309",
        "android_client_info": {
          "package_name": "com.dam.pmdm.peliculasapp"
        }
      },
      "oauth_client": [],
      "api_key": [
        {
          "current_key": "AIzaSyCFs31_ojwEHLFvb4Iu6Ma1WHOwXuAmyXY"
        }
      ],
      "services": {
        "appinvite_service": {
          "other_platform_oauth_client": []
        }
      }
    }
  ],
  "configuration_version": "1"
}